[{"factura": 1, "Fecha": "2024-04-22", "cliente": "Daniel Vera", "subtotal": 10.0, "descuento": 1.0, "iva": 1.08, "total": 10.08, "detalle": [{"poducto": "aceite", "precio": 2.0, "cantidad": 2}, {"poducto": "Coca Cola", "precio": 1.5, "cantidad": 4}]}, {"factura": 2, "Fecha": "2024-04-22", "cliente": "Dayanna Vera", "subtotal": 34.0, "descuento": 3.4000000000000004, "iva": 3.67, "total": 34.27, "detalle": [{"poducto": "Mortadela", "precio": 2.5, "cantidad": 4}, {"poducto": "aceite", "precio": 2.0, "cantidad": 6}, {"poducto": "Coca Cola", "precio": 1.5, "cantidad": 8}]}, {"factura": 3, "Fecha": "2024-04-22", "cliente": "Daniel Vera", "subtotal": 16.0, "descuento": 1.6, "iva": 1.73, "total": 16.13, "detalle": [{"poducto": "aceite", "precio": 2.0, "cantidad": 2}, {"poducto": "Coca Cola", "precio": 1.5, "cantidad": 8}]}, {"factura": 4, "Fecha": "2024-04-22", "cliente": "Daniel Vera", "subtotal": 88.0, "descuento": 8.8, "iva": 9.5, "total": 88.7, "detalle": [{"poducto": "Mortadela", "precio": 2.5, "cantidad": 22}, {"poducto": "Coca Cola", "precio": 1.5, "cantidad": 22}]}, {"factura": 5, "Fecha": "2024-04-22", "cliente": "Daniel Vera", "subtotal": 39.5, "descuento": 3.95, "iva": 4.27, "total": 39.82, "detalle": [{"poducto": "Coca Cola", "precio": 1.5, "cantidad": 3}, {"poducto": "Mortadela", "precio": 2.5, "cantidad": 6}, {"poducto": "aceite", "precio": 2.0, "cantidad": 10}]}, {"factura": 6, "Fecha": "2024-04-22", "cliente": "Dayanna Vera", "subtotal": 112.5, "descuento": 11.25, "iva": 12.15, "total": 113.4, "detalle": [{"poducto": "Mortadela", "precio": 2.5, "cantidad": 33}, {"poducto": "Coca Cola", "precio": 1.5, "cantidad": 20}]}, {"factura": 7, "Fecha": "2024-04-22", "cliente": "Daniel Vera", "subtotal": 75.0, "descuento": 7.5, "iva": 8.1, "total": 75.6, "detalle": [{"poducto": "Coca Cola", "precio": 1.5, "cantidad": 20}, {"poducto": "Mortadela", "precio": 2.5, "cantidad": 10}, {"poducto": "aceite", "precio": 2.0, "cantidad": 10}]}, {"factura": 8, "Fecha": "2024-04-22", "cliente": "Daniel Vera", "subtotal": 17.0, "descuento": 1.7000000000000002, "iva": 1.84, "total": 17.14, "detalle": [{"poducto": "Coca Cola", "precio": 1.5, "cantidad": 3}, {"poducto": "Mortadela", "precio": 2.5, "cantidad": 5}]}, {"factura": 9, "Fecha": "2024-09-02", "cliente": "Daniel Vera", "subtotal": 20.0, "descuento": 2.0, "iva": 2.16, "total": 20.16, "detalle": [{"poducto": "aceite", "precio": 2.0, "cantidad": 2}, {"poducto": "Coca Cola", "precio": 1.5, "cantidad": 3}, {"poducto": "Mortadela", "precio": 2.5, "cantidad": 3}, {"poducto": "aceite", "precio": 2.0, "cantidad": 2}]}, {"factura": 10, "Fecha": "2024-09-02", "cliente": "Daniel Vera", "subtotal": 14.5, "descuento": 1.4500000000000002, "iva": 1.57, "total": 14.62, "detalle": [{"poducto": "aceite", "precio": 2.0, "cantidad": 2}, {"poducto": "Coca Cola", "precio": 1.5, "cantidad": 3}, {"poducto": "Coca Cola", "precio": 1.5, "cantidad": 4}]}, {"factura": 11, "Fecha": "2024-09-02", "cliente": "Daniel Vera", "subtotal": 9.0, "descuento": 0.9, "iva": 0.97, "total": 9.07, "detalle": [{"poducto": "aceite", "precio": 2.0, "cantidad": 3}, {"poducto": "Coca Cola", "precio": 1.5, "cantidad": 2}]}, {"factura": 12, "Fecha": "2025-04-15", "cliente": "Daniel Vera", "subtotal": 5.5, "descuento": 0.55, "iva": 0.59, "total": 5.54, "detalle": [{"poducto": "aceite", "precio": 2.0, "cantidad": 2}, {"poducto": "Coca Cola", "precio": 1.5, "cantidad": 1}]}, {"factura": 13, "Fecha": "2025-04-16", "cliente": "Daniel Vera", "subtotal": 13.5, "descuento": 1.35, "iva": 1.46, "total": 13.61, "detalle": [{"poducto": "aceite", "precio": 2.0, "cantidad": 2}, {"poducto": "Coca Cola", "precio": 1.5, "cantidad": 3}, {"poducto": "Mortadela", "precio": 2.5, "cantidad": 2}]}]